City_ID,City,Lat,Lng,Max Temp,Humidity,Cloudiness,Wind Speed,Country,Date
0,buala,-8.145,159.5921,29.56,70,89,4.52,SB,1738539570
1,choibalsan,48.0667,114.5,-21.69,83,53,3.4,MN,1738539571
2,blackmans bay,-43.0167,147.3167,24.85,66,12,3.41,AU,1738539572
3,ribeira grande,38.5167,-28.7,18.21,95,100,9.39,PT,1738539573
4,kimbe,-5.5502,150.1429,31.28,63,100,1.81,PG,1738539574
5,adamstown,-25.066,-130.1015,25.34,71,64,8.01,PN,1738539575
6,carnarvon,-24.8667,113.6333,29.72,44,12,11.52,AU,1738539576
7,qaqortoq,60.7167,-46.0333,-20.51,92,10,2.07,GL,1738539577
8,jianshui,23.6363,102.8264,8.73,93,69,3.12,CN,1738539578
9,isafjordur,66.0755,-23.124,-3.23,79,84,2.78,IS,1738539580
10,utrik,11.2278,169.8474,26.56,72,29,10.11,MH,1738539581
11,hawera,-39.5917,174.2833,22.28,56,90,3.82,NZ,1738539582
12,howrah,22.5892,88.3103,21.0,100,100,2.57,IN,1738539583
13,waitangi,-43.9535,-176.5597,13.4,61,100,3.68,NZ,1738539584
14,tiksi,71.6872,128.8694,-25.17,94,100,9.85,RU,1738539585
15,ushuaia,-54.8,-68.3,8.81,76,75,9.26,AR,1738539587
16,stanley,54.868,-1.6985,5.01,90,75,3.09,GB,1738539588
17,invercargill,-46.4,168.35,19.45,62,19,4.02,NZ,1738539589
18,grytviken,-54.2811,-36.5092,7.38,71,86,4.46,GS,1738539590
19,la mira,18.035,-102.3266,27.88,55,0,3.18,MX,1738539591
20,port-aux-francais,-49.35,70.2167,3.4,91,100,19.69,TF,1738539592
21,taoudenni,22.6783,-3.9836,14.97,26,0,3.86,ML,1738539593
22,enewetak,11.3474,162.3373,26.96,77,66,9.46,MH,1738539594
23,klyuchi,52.2667,79.1667,-15.83,98,92,2.07,RU,1738539596
24,port mathurin,-19.6833,63.4167,26.78,85,96,5.57,MU,1738539597
25,minas de marcona,-15.2119,-75.1103,18.63,75,20,5.78,PE,1738539599
26,mount pearl,47.5166,-52.7813,-8.81,73,93,4.02,CA,1738539600
27,kodiak,57.79,-152.4072,2.73,75,40,4.63,US,1738539601
28,bredasdorp,-34.5322,20.0403,18.87,73,48,2.12,ZA,1738539603
29,aksu,41.1231,80.2644,-8.42,73,1,0.96,CN,1738539347
30,camana,-16.6228,-72.7111,22.53,82,2,2.11,PE,1738539605
31,albany,42.6001,-73.9662,-5.2,76,100,1.34,US,1738539606
32,ilulissat,69.2167,-51.1,-17.99,71,93,3.09,GL,1738539607
33,iqaluit,63.7506,-68.5145,-24.06,63,75,4.12,CA,1738539609
34,puerto natales,-51.7236,-72.4875,8.74,71,61,4.68,CL,1738539610
35,constantia,44.1833,28.65,7.61,87,78,4.25,RO,1738539611
36,tanjung pandan,-2.75,107.65,26.82,81,100,4.08,ID,1738539612
37,nemuro,43.3236,145.575,-1.28,66,53,4.46,JP,1738539613
38,longyearbyen,78.2186,15.6401,2.91,70,75,6.17,SJ,1738539614
39,puerto ayora,-0.7393,-90.3518,24.75,97,88,0.89,EC,1738539615
40,bartica,6.4,-58.6167,23.01,92,46,2.09,GY,1738539616
41,alice springs,-23.7,133.8833,32.75,33,2,5.66,AU,1738539618
42,waycross,31.2136,-82.354,19.03,63,0,2.57,US,1738539619
43,maun,-19.9833,23.4167,22.92,67,44,2.51,BW,1738539620
44,walvis bay,-22.9575,14.5053,17.56,84,6,4.47,NA,1738539621
45,peace river,56.2501,-117.286,-23.83,64,0,0.0,CA,1738539622
46,angra do heroismo,38.65,-27.2167,17.34,88,75,6.71,PT,1738539623
47,thompson,55.7435,-97.8558,-17.91,78,100,4.63,CA,1738539624
48,yellowknife,62.456,-114.3525,-25.71,76,0,3.6,CA,1738539625
49,mana,5.6592,-53.7767,24.67,89,84,4.24,GF,1738539627
50,fortuna,40.5982,-124.1573,7.74,96,20,2.06,US,1738539628
51,funafuti,-8.5243,179.1942,31.0,66,20,6.69,TV,1738539629
52,west island,-12.1568,96.8225,27.99,89,20,7.2,CC,1738539630
53,inhambane,-23.865,35.3833,25.21,80,76,4.1,MZ,1738539631
54,punta arenas,-53.15,-70.9167,11.06,58,40,11.32,CL,1738539632
55,ubud,-8.5098,115.2654,26.62,78,100,0.24,ID,1738539633
56,porto velho,-8.7619,-63.9039,26.03,78,75,2.06,BR,1738539636
57,usogorsk,63.4106,48.6872,-19.5,88,67,5.08,RU,1738539637
58,trindade,-16.6494,-49.4889,23.86,98,100,2.4,BR,1738539639
59,queenstown,-31.8976,26.8753,17.38,84,98,2.34,ZA,1738539640
60,sinabang,2.4803,96.3801,26.38,81,96,1.23,ID,1738539643
61,port hedland,-20.3167,118.5667,31.03,79,100,2.57,AU,1738539644
62,rukungiri,-0.8411,29.9419,17.84,72,99,0.76,UG,1738539645
63,anadyr,64.75,177.4833,1.28,93,100,17.0,RU,1738539646
64,nagqu,31.5,92.0,-11.18,14,0,0.73,CN,1738539647
65,rabo de peixe,37.8,-25.5833,17.77,99,75,4.12,PT,1738539648
66,nova vicosa,-17.8919,-39.3719,26.11,81,3,4.4,BR,1738539649
67,kununurra,-15.7667,128.7333,27.99,74,100,2.06,AU,1738539651
68,san antonio de pale,-1.4014,5.6325,27.31,74,43,0.63,GQ,1738539652
69,arno,60.1167,18.6333,-1.74,90,100,3.84,SE,1738539653
70,papatowai,-46.5619,169.4708,20.32,51,32,7.38,NZ,1738539655
71,wailua homesteads,22.0669,-159.378,25.07,61,0,7.72,US,1738539656
72,la palma,33.8464,-118.0467,24.26,61,75,3.6,US,1738539657
73,darwin,-12.4611,130.8418,29.99,84,100,4.12,AU,1738539659
74,bilibino,68.0546,166.4372,-30.29,99,100,3.33,RU,1738539660
75,tamiahua,21.2667,-97.45,20.82,79,92,1.77,MX,1738539661
76,bumba,2.1833,22.4667,24.15,42,100,0.22,CD,1738539662
77,hermanus,-34.4187,19.2345,16.56,75,36,1.0,ZA,1738539663
78,port elizabeth,-33.918,25.5701,17.4,95,20,0.45,ZA,1738539664
79,bethel,41.3712,-73.414,-1.7,82,100,1.54,US,1738539665
80,atafu village,-8.5421,-172.5159,27.89,75,36,6.32,TK,1738539666
81,fale old settlement,-9.3852,-171.2468,28.57,69,50,7.33,TK,1738539668
82,lorengau,-2.0226,147.2712,30.06,64,98,4.99,PG,1738539669
83,mejit,10.2753,170.8646,26.48,74,22,10.68,MH,1738539670
84,el haouaria,37.05,11.0144,11.01,74,17,6.48,TN,1738539671
85,margaret river,-33.95,115.0667,18.75,60,37,5.66,AU,1738539672
86,avarua,-21.2078,-159.775,30.03,74,40,5.14,CK,1738539673
87,jamestown,42.097,-79.2353,-1.66,96,100,4.63,US,1738539674
88,vila velha,-20.3297,-40.2925,26.97,78,20,6.69,BR,1738539676
89,arraial do cabo,-22.9661,-42.0278,23.92,83,0,5.14,BR,1738539677
90,axim,4.8699,-2.2405,26.03,87,5,2.46,GH,1738539678
91,bebedja,8.6761,16.566,26.06,20,61,3.16,TD,1738539679
92,port lincoln,-34.7333,135.8667,26.75,50,0,3.0,AU,1738539680
93,capitan bado,-23.2667,-55.5333,26.48,48,33,3.66,PY,1738539681
94,lazaro cardenas,17.9583,-102.2,27.76,61,4,3.28,MX,1738539683
95,sirte,31.2089,16.5887,16.72,38,100,1.44,LY,1738539684
96,howard springs,-12.497,131.047,29.95,93,100,5.11,AU,1738539685
97,makurazaki,31.2667,130.3167,10.75,66,45,11.34,JP,1738539686
98,lebu,-37.6167,-73.65,15.95,86,8,2.77,CL,1738539688
99,olonkinbyen,70.9221,-8.7187,-0.72,92,87,5.18,SJ,1738539689
100,buckhannon,38.994,-80.232,9.82,73,100,3.73,US,1738539691
101,rzepin,52.3464,14.8323,1.21,92,100,1.53,PL,1738539692
102,tari,-11.1105,14.3559,18.33,96,89,0.58,AO,1738539693
103,ouani,-12.1322,44.4258,26.87,83,99,7.13,KM,1738539694
104,bandar lampung,-5.4254,105.258,23.92,91,100,1.74,ID,1738539696
105,revda,56.801,59.9303,-0.6,90,100,4.0,RU,1738539697
106,malpica,43.3228,-8.8105,10.13,100,19,2.95,ES,1738539698
107,kailua-kona,19.6406,-155.9956,27.55,76,1,0.89,US,1738539412
108,talara,-4.5772,-81.2719,26.42,57,0,3.6,PE,1738539700
109,namibe,-15.1961,12.1522,22.68,79,57,2.49,AO,1738539701
110,nantucket,41.2835,-70.0995,-0.48,64,40,5.66,US,1738539702
111,urangan,-25.3,152.9,26.28,78,96,8.41,AU,1738539703
112,copiapo,-27.3667,-70.3333,21.75,56,31,2.34,CL,1738539676
113,harper,4.375,-7.7169,26.33,82,41,3.74,LR,1738539706
114,booue,-0.0921,11.9385,24.22,94,92,0.99,GA,1738539707
115,aasiaat,68.7098,-52.8699,-23.01,99,94,0.62,GL,1738539708
116,vorgashor,67.5833,63.95,-28.43,88,6,3.27,RU,1738539709
117,edinburgh of the seven seas,-37.0676,-12.3116,18.35,90,94,10.51,SH,1738539710
118,ust-nera,64.5667,143.2,-43.6,100,78,1.65,RU,1738539711
119,tutoia,-2.7619,-42.2744,26.89,82,43,5.71,BR,1738539713
120,qujing,25.4833,103.7833,2.65,84,100,3.74,CN,1738539519
121,chonchi,-42.6128,-73.8092,11.27,72,100,1.44,CL,1738539715
122,port-vila,-17.7338,168.3219,26.78,83,100,6.69,VU,1738539716
123,khilok,51.3674,110.4676,-31.09,98,50,1.3,RU,1738539717
124,kudahuvadhoo,2.6708,72.8944,27.15,75,100,3.68,MV,1738539718
125,cadale,2.7603,46.3222,23.56,82,69,9.68,SO,1738539719
126,gadzhiyevo,69.2551,33.3362,-12.3,98,87,2.68,RU,1738539721
127,alpine,32.835,-116.7664,24.82,42,0,3.6,US,1738539722
128,hamilton,39.1834,-84.5333,10.56,77,80,1.34,US,1738539723
129,n'zeto,-7.2312,12.8666,26.05,82,94,1.95,AO,1738539724
130,bogale,16.2833,95.4,19.68,73,49,2.3,MM,1738539725
131,fort st. john,56.2499,-120.8529,-25.06,70,40,2.06,CA,1738539726
132,gillette,44.2911,-105.5022,-0.03,88,75,3.6,US,1738539727
133,mangai,-4.05,19.5333,21.42,92,88,0.5,CD,1738539728
134,vadso,70.0744,29.7487,-4.91,74,15,6.17,NO,1738539729
135,bubaque,11.2833,-15.8333,25.29,61,63,4.03,GW,1738539731
136,talnakh,69.4865,88.3972,-26.43,90,88,0.68,RU,1738539732
137,siocon,7.7061,122.1353,26.09,82,68,1.63,PH,1738539733
138,prachatice,49.0129,13.9975,-4.92,88,35,0.48,CZ,1738539734
139,al ain city,24.1917,55.7606,11.79,58,0,1.03,AE,1738539735
140,badger,64.8,-147.5333,-9.8,83,100,1.54,US,1738539736
141,nguigmi,14.2495,13.1092,20.58,19,25,4.84,NE,1738539737
142,benjamin aceval,-24.9667,-57.5667,30.11,26,0,1.83,PY,1738539739
143,hithadhoo,-0.6,73.0833,27.49,76,49,2.94,MV,1738539740
144,kapit,2.0167,112.9333,22.55,99,100,0.44,MY,1738539741
145,afaahiti,-17.75,-149.2833,26.55,76,45,4.41,PF,1738539742
146,longboat key,27.4125,-82.659,22.31,67,75,3.6,US,1738539743
147,alliance,40.9153,-81.1059,3.14,95,100,3.07,US,1738539744
148,tazovsky,67.4667,78.7,-30.36,94,6,3.5,RU,1738539745
149,lihue,21.9789,-159.3672,25.41,61,0,7.72,US,1738539746
150,callao,-12.0667,-77.15,27.07,88,75,6.69,PE,1738539748
151,reggane,26.7158,0.1714,13.9,29,0,5.47,DZ,1738539749
152,new norfolk,-42.7826,147.0587,25.51,29,15,1.9,AU,1738539750
153,college,64.8569,-147.8028,-8.8,76,100,1.54,US,1738539751
154,dudinka,69.4058,86.1778,-32.77,99,77,0.95,RU,1738539752
155,nuuk,64.1835,-51.7216,-9.66,85,100,3.6,GL,1738539668
156,touros,-5.1989,-35.4608,27.06,78,45,5.88,BR,1738539754
157,akobo,7.4344,3.9497,25.45,77,84,1.33,NG,1738539756
158,kiruna,67.8557,20.2251,-15.49,85,100,1.54,SE,1738539757
159,fort mcmurray,56.7268,-111.381,-23.23,70,100,4.63,CA,1738539758
160,sitia,35.2,26.0986,13.83,79,100,2.25,GR,1738539759
161,antofagasta,-23.65,-70.4,21.6,79,3,1.31,CL,1738539632
162,lai chau,22.3997,103.4517,9.81,92,17,1.55,VN,1738539761
163,bata,1.8639,9.7658,26.25,84,59,2.13,GQ,1738539762
164,villa gesell,-37.2639,-56.973,24.79,55,11,10.84,AR,1738539763
165,rongelap,11.1635,166.8941,26.42,80,61,11.22,MH,1738539764
166,tumpat,6.1978,102.171,21.99,94,20,1.54,MY,1738539768
167,paita,-5.0892,-81.1144,22.22,81,39,5.23,PE,1738539770
168,el granada,37.5027,-122.4694,16.18,94,100,6.17,US,1738539771
169,gijang,35.2442,129.2139,0.85,60,93,6.56,KR,1738539772
170,ola,59.5833,151.2833,-23.91,78,12,2.64,RU,1738539773
171,onega,63.9061,38.1404,-16.45,87,76,5.04,RU,1738539774
172,akureyri,65.6835,-18.0878,2.96,65,75,3.6,IS,1738539775
173,popondetta,-8.7537,148.2534,29.87,69,96,1.65,PG,1738539776
174,st. john's,47.5649,-52.7093,-8.35,70,95,4.02,CA,1738539586
175,le vauclin,14.5452,-60.8388,26.03,78,75,4.12,MQ,1738539779
176,kuragino,53.8975,92.6725,-13.17,97,100,0.4,RU,1738539780
177,iskateley,67.6803,53.1512,-27.32,94,6,3.93,RU,1738539781
178,udachny,66.4167,112.4,-21.86,72,100,8.89,RU,1738539782
179,coyhaique,-45.5752,-72.0662,8.25,75,30,4.05,CL,1738539783
180,chenzhou,25.8,113.0333,4.77,96,100,2.08,CN,1738539786
181,port alfred,-33.5906,26.891,18.43,91,8,0.45,ZA,1738539788
182,kiunga,-6.1219,141.2906,24.52,93,100,1.71,PG,1738539789
183,mendi,-6.1761,143.6513,18.26,80,97,0.51,PG,1738539790
184,rio verde de mato grosso,-18.9181,-54.8442,23.29,92,43,2.85,BR,1738539791
185,san patricio,28.017,-97.5169,23.97,68,0,5.45,US,1738539792
186,petauke,-14.2426,31.3253,19.2,96,100,1.69,ZM,1738539793
187,rutland,43.6167,-73.0162,-5.81,74,100,8.75,US,1738539794
188,villa vasquez,19.7411,-71.4464,23.91,77,0,7.08,DO,1738539795
189,yuzhno-kurilsk,44.0306,145.8556,-2.47,73,79,1.88,RU,1738539796
190,bandar-e anzali,37.4727,49.4622,8.13,82,5,0.25,IR,1738539798
191,ulladulla,-35.35,150.4667,26.11,63,0,4.52,AU,1738539799
192,calp,38.6447,0.0445,9.87,99,3,2.49,ES,1738539800
193,mujiayingzi,42.1167,118.7833,-16.33,60,0,4.44,CN,1738539801
194,hollins,37.3413,-79.9431,4.74,67,0,3.6,US,1738539802
195,whitehorse,60.7161,-135.0538,-15.5,77,75,4.63,CA,1738539803
196,georgetown,5.4112,100.3354,23.96,78,20,1.54,MY,1738539804
197,kone,-21.0595,164.8658,32.63,51,54,0.28,NC,1738539805
198,kingston,17.997,-76.7936,27.53,69,40,9.77,JM,1738539729
199,margate,51.3813,1.3862,4.04,77,4,3.21,GB,1738539808
200,general roca,-39.0333,-67.5833,25.64,24,23,8.85,AR,1738539809
201,kolonia,50.9333,6.95,-0.02,86,0,0.51,DE,1738539810
202,ta`u,-14.2336,-169.5144,27.93,76,56,4.57,AS,1738539811
203,mil'kovo,55.6078,37.7956,-0.27,67,97,3.59,RU,1738539812
204,el calafate,-50.3408,-72.2768,10.16,56,41,5.68,AR,1738539813
205,nadi,-17.8,177.4167,31.0,66,40,3.09,FJ,1738539788
206,san pedro pochutla,15.7333,-96.4667,30.84,78,2,2.13,MX,1738539815
207,saudarkrokur,65.7461,-19.6394,-0.51,79,100,3.36,IS,1738539817
208,hawaiian paradise park,19.5933,-154.9731,25.73,72,75,5.66,US,1738539818
209,codrington,-38.2667,141.9667,34.6,32,7,4.52,AU,1738539819
210,pariaman,-0.619,100.12,26.03,83,94,1.24,ID,1738539820
211,saldanha,-33.0117,17.9442,18.13,86,0,5.87,ZA,1738539822
212,swinoujscie,53.9105,14.2471,2.08,93,100,2.06,PL,1738539824
213,rundu,-17.9333,19.7667,20.37,87,89,3.13,NA,1738539825
214,kenora,49.8167,-94.4337,-13.46,78,75,5.14,CA,1738539826
215,sullivan,36.5168,-82.5332,13.43,54,40,2.06,US,1738539827
216,al bayda',32.7627,21.7551,11.91,59,100,4.74,LY,1738539828
217,nar'yan-mar,67.6713,53.087,-27.25,94,6,3.97,RU,1738539829
218,barra de santo antonio,-9.4047,-35.5072,26.08,81,3,4.44,BR,1738539830
219,port augusta,-32.5,137.7667,37.7,20,0,3.5,AU,1738539831
220,annaba,36.9,7.7667,7.98,87,40,5.14,DZ,1738539833
221,severo-yeniseyskiy,60.3725,93.0408,-35.63,100,31,1.39,RU,1738539834
222,corinto,37.9407,22.9573,10.5,89,10,1.55,GR,1738539835
223,kingscliff,-28.2667,153.5667,27.19,74,75,7.72,AU,1738539836
224,koping,59.514,15.9926,-5.78,87,10,2.07,SE,1738539837
225,kondopoga,62.2057,34.2614,-10.57,93,100,4.7,RU,1738539839
226,jawhar,2.7809,45.5005,21.77,78,91,7.01,SO,1738539840
227,planadas,3.197,-75.6451,19.08,90,59,2.22,CO,1738539842
228,khanbari,27.3747,87.2039,10.96,44,0,0.69,NP,1738539843
229,pasuquin,18.3328,120.6177,21.97,94,40,0.51,PH,1738539844
230,buriti alegre,-18.14,-49.0403,19.09,97,100,2.51,BR,1738539845
231,weno,7.4515,151.8468,28.97,84,100,6.17,FM,1738539846
232,san juan de miraflores,-12.1629,-76.9635,26.21,71,80,4.45,PE,1738539847
233,gastouni,37.85,21.25,14.03,76,20,0.0,GR,1738539848
234,emkhomazi,-30.2067,30.7978,23.38,91,38,6.9,ZA,1738539849
235,bamboo flat,11.7,92.7167,23.19,83,5,4.79,IN,1738539851
236,tvoroyri,61.5556,-6.8111,7.1,90,100,20.24,FO,1738539852
237,hailey,43.5196,-114.3153,3.85,66,100,1.79,US,1738539853
238,bonthe,7.5264,-12.505,25.35,88,72,1.73,SL,1738539854
239,dubbo,-32.25,148.6167,29.07,45,0,5.66,AU,1738539833
240,mount isa,-20.7333,139.5,22.87,83,100,5.14,AU,1738539856
241,cockburn town,21.4612,-71.1419,24.99,79,0,9.57,TC,1738539857
242,gallup,35.5281,-108.7426,17.91,27,0,6.17,US,1738539859
243,makubetsu,45.3714,141.8211,-3.16,86,75,6.69,JP,1738539860
244,igarka,67.4667,86.5833,-34.1,98,7,1.11,RU,1738539861
245,naracoorte,-36.9579,140.7383,35.39,28,14,7.11,AU,1738539862
246,tham phannara,8.4204,99.3952,19.83,84,2,0.91,TH,1738539863
247,forbes,-33.3833,148.0167,28.52,28,0,4.3,AU,1738539864
248,chachapoyas,-6.2317,-77.869,14.64,94,96,1.08,PE,1738539866
249,kalianget,-7.05,113.9333,26.98,86,100,6.3,ID,1738539867
250,toamasina,-18.1667,49.3833,26.0,94,75,2.06,MG,1738539868
251,belmonte,-15.8631,-38.8828,25.75,84,0,3.76,BR,1738539869
252,tolanaro,-25.0319,46.9987,25.04,83,40,4.12,MG,1738539870
253,aykhal,66.0,111.5,-22.02,69,100,4.65,RU,1738539871
254,dickinson,29.4608,-95.0513,22.03,78,20,7.2,US,1738539873
255,kapuskasing,49.4169,-82.4331,-8.0,86,100,5.14,CA,1738539874
256,alcala de los gazules,36.4621,-5.7238,9.72,99,87,0.71,ES,1738539875
257,plettenberg bay,-34.0527,23.3716,19.4,72,68,2.69,ZA,1738539876
258,oil city,41.4339,-79.7064,-0.52,92,100,2.83,US,1738539877
259,saipan,15.1355,145.701,29.39,65,20,5.66,MP,1738539878
260,muisne,0.6,-80.0333,25.56,84,85,3.11,EC,1738539879
261,anse royale,-4.7333,55.5167,25.32,100,40,3.09,SC,1738539881
262,montego bay,18.4712,-77.9188,26.89,78,20,5.66,JM,1738539882
263,cabo san lucas,22.8909,-109.9124,23.17,56,0,3.09,MX,1738539652
264,cam ranh,11.9214,109.1591,22.98,83,40,3.09,VN,1738539884
265,haiku-pauwela,20.9219,-156.3051,24.59,64,20,5.66,US,1738539885
266,greymouth,-42.4667,171.2,18.36,68,100,3.56,NZ,1738539886
267,nadym,65.5333,72.5167,-23.9,97,88,4.42,RU,1738539887
268,puerto baquerizo moreno,-0.9,-89.6,25.1,80,41,1.86,EC,1738539888
269,guerrero negro,27.9769,-114.0611,21.38,45,1,4.37,MX,1738539890
270,barcelos,41.5388,-8.6151,5.08,86,20,2.08,PT,1738539891
271,sinan,34.8262,126.1086,1.81,55,100,14.37,KR,1738539892
272,sidi bouzid,35.0382,9.4849,9.05,78,54,1.93,TN,1738539893
273,ji'an,27.1172,114.9793,6.7,90,100,6.22,CN,1738539894
274,kearney,40.6995,-99.0815,15.95,36,0,6.17,US,1738539895
275,bathsheba,13.2167,-59.5167,26.34,83,40,9.26,BB,1738539896
276,ar ruseris,11.8659,34.3869,25.78,34,21,4.14,SD,1738539897
277,geraldton,-28.7667,114.6,22.23,78,0,7.2,AU,1738539899
278,jerez de garcia salinas,22.65,-103.0,21.16,16,0,0.43,MX,1738539900
279,san jose del guaviare,2.5729,-72.6459,26.64,59,48,1.17,CO,1738539901
280,yarmouth,41.7057,-70.2286,-0.51,75,20,2.06,US,1738539905
281,remire-montjoly,4.9167,-52.2667,26.02,89,75,5.14,GF,1738539906
282,sechura,-5.5569,-80.8222,24.6,68,83,5.96,PE,1738539907
283,itoman,26.1247,127.6694,16.21,88,75,9.77,JP,1738539908
284,kattivakkam,13.2167,80.3167,23.96,77,78,1.67,IN,1738539909
285,canutama,-6.5339,-64.3831,23.31,98,80,1.2,BR,1738539910
286,broome,42.2506,-75.833,-3.5,92,100,5.36,US,1738539912
287,papao,-17.75,-149.55,30.82,71,33,3.46,PF,1738539913
288,murun-kuren,49.6342,100.1625,-26.79,97,55,1.11,MN,1738539914
289,usinsk,65.9939,57.5281,-20.15,81,0,7.75,RU,1738539915
290,shira,54.4911,89.9531,-14.18,96,100,0.83,RU,1738539916
291,belawan,3.7755,98.6832,25.16,91,88,2.47,ID,1738539919
292,alvaraes,-3.2208,-64.8042,28.93,70,95,1.34,BR,1738539920
293,acarau,-2.8856,-40.12,25.56,88,73,4.76,BR,1738539921
294,vila franca do campo,37.7167,-25.4333,18.27,99,100,3.14,PT,1738539922
295,nagai,38.1036,140.035,0.67,77,100,0.65,JP,1738539923
296,pisco,-13.7,-76.2167,24.03,78,0,8.23,PE,1738539924
297,christchurch,-43.5333,172.6333,23.51,63,96,3.6,NZ,1738539925
298,east london,-33.0153,27.9116,20.66,81,28,4.48,ZA,1738539927
299,tsiombe,-25.3,45.4833,21.43,85,19,2.72,MG,1738539928
300,suining,30.508,105.5733,6.45,73,76,1.67,CN,1738539668
301,ancud,-41.8697,-73.8203,13.05,69,64,2.51,CL,1738539930
302,santa elena de uairen,4.6167,-61.1333,22.28,52,58,3.39,VE,1738539933
303,suntar,62.1444,117.6319,-30.97,94,93,2.41,RU,1738539934
304,kushnarenkovo,55.105,55.3508,-2.36,86,100,5.66,RU,1738539935
305,iwaki,37.05,140.8833,5.32,68,100,2.33,JP,1738539936
306,acajutla,13.5928,-89.8275,26.92,74,0,0.82,SV,1738539937
307,badulla,6.9895,81.0557,16.99,87,22,2.26,LK,1738539938
308,fuling,29.7022,107.3919,8.85,94,100,0.34,CN,1738539912
309,syanno,54.8106,29.7069,-1.55,92,100,5.22,BY,1738539941
310,las tablas,7.7667,-80.2833,25.1,99,82,8.52,PA,1738539942
311,siwa oasis,29.2041,25.5195,15.22,51,100,3.09,EG,1738539943
312,valparaiso,-33.0393,-71.6273,23.8,54,0,6.17,CL,1738539944
313,sault ste. marie,46.5168,-84.3333,-3.84,80,100,2.57,CA,1738539945
314,al kharijah,25.4514,30.5464,17.19,28,100,3.81,EG,1738539946
315,choele choel,-39.2667,-65.6833,27.86,20,51,9.93,AR,1738539947
316,riviere-du-loup,47.8304,-69.5342,-9.51,71,89,1.03,CA,1738539949
317,datong,40.0936,113.2914,-15.47,69,1,1.64,CN,1738539951
318,la'ie,21.6477,-157.9253,27.81,59,1,1.79,US,1738539952
319,dwarka,22.2394,68.9678,20.62,49,2,2.79,IN,1738539953
320,daokou,35.5639,114.5058,-2.01,37,20,1.61,CN,1738539954
321,culebra,18.303,-65.301,23.89,92,1,4.47,PR,1738539956
322,bengkulu,-3.8004,102.2655,25.13,85,100,2.11,ID,1738539957
323,sandnessjoen,66.0217,12.6316,-2.16,70,4,11.14,NO,1738539958
324,leninsk,48.7119,45.1994,1.94,82,85,2.74,RU,1738539959
325,vysokovsk,56.3167,36.55,-1.66,87,100,3.15,RU,1738539960
326,buritis,-15.6178,-46.4233,21.38,95,100,1.12,BR,1738539961
327,guiping,23.3925,110.0814,12.13,70,100,2.35,CN,1738539962
328,wanganui,-39.9333,175.05,21.32,55,84,3.06,NZ,1738539963
329,vernon,50.2581,-119.2691,-5.87,56,91,3.09,CA,1738539965
330,kayangel,8.0823,134.7173,28.08,80,84,6.79,PW,1738539966
331,coeur d'alene,47.6777,-116.7805,2.35,65,0,3.6,US,1738539967
332,keren,15.7778,38.4581,15.48,82,0,3.76,ER,1738539969
333,veracruz,19.3333,-96.6667,21.53,74,47,2.4,MX,1738539780
334,boyolangu,-8.1181,111.8935,25.24,90,100,2.95,ID,1738539971
335,nouadhibou,20.931,-17.0347,16.99,72,0,8.75,MR,1738539972
336,petawawa,45.9001,-77.3328,-12.9,66,100,0.89,CA,1738539973
337,cambridge,43.3601,-80.3127,-5.5,90,100,2.06,CA,1738539974
338,arenapolis,-14.4503,-56.8461,21.8,97,36,2.16,BR,1738539975
339,pangai,-19.8,-174.35,29.06,84,75,3.6,TO,1738539976
340,acapulco de juarez,16.8634,-99.8901,28.9,79,40,2.57,MX,1738539978
341,sanctuary point,-35.1114,150.629,25.74,65,0,4.29,AU,1738539979
342,lagunas,-5.2269,-75.6753,26.99,72,100,0.65,PE,1738539980
343,altinekin,38.3078,32.8686,4.93,63,66,2.01,TR,1738539981
344,nyurba,63.2842,118.3319,-27.96,93,97,3.46,RU,1738539982
345,makarov,48.6333,142.8,-10.71,94,100,1.76,RU,1738539983
346,zhovti vody,48.3473,33.5003,0.47,75,100,2.18,UA,1738539985
347,susuman,62.7833,148.1667,-39.56,99,97,0.33,RU,1738539986
348,macapa,0.0389,-51.0664,25.99,89,40,2.06,BR,1738539987
349,kuala belait,4.5833,114.1833,25.05,89,100,0.66,BN,1738539988
350,tobol'sk,58.2,68.2667,-1.54,97,100,3.18,RU,1738539989
351,rockenhausen,49.6333,7.8333,-3.54,80,45,1.04,DE,1738539990
352,mount gambier,-37.8333,140.7667,35.54,26,1,5.66,AU,1738539992
353,clodomira,-27.5744,-64.1311,32.38,30,0,4.52,AR,1738539993
354,ulanhot,46.0833,122.0833,-20.83,75,52,2.64,CN,1738539994
355,olyokminsk,60.3736,120.4264,-35.06,99,100,1.4,RU,1738539995
356,sake,-1.5736,29.045,17.17,83,94,0.17,CD,1738539996
357,grand-bassam,5.2118,-3.7388,24.98,83,77,2.34,CI,1738539997
358,ciudad bolivar,8.1222,-63.5497,30.0,44,95,6.95,VE,1738539998
359,belfast,54.5833,-5.9333,6.38,86,75,5.14,GB,1738540000
360,coquimbo,-29.9533,-71.3436,17.85,77,20,5.14,CL,1738540001
361,prince rupert,54.3161,-130.3201,-5.17,32,0,12.86,CA,1738540003
362,petropavlovsk-kamchatsky,53.0452,158.6483,-11.67,52,0,2.0,RU,1738540004
363,ribas do rio pardo,-20.4431,-53.7592,25.72,72,100,3.03,BR,1738540005
364,arrifes,37.7667,-25.7,17.18,94,75,4.12,PT,1738540006
365,lompoc,34.6391,-120.4579,18.23,72,0,6.17,US,1738540007
366,iwanai,42.9744,140.5089,-4.64,81,45,2.74,JP,1738540008
367,san andres,12.5847,-81.7006,28.01,74,20,5.66,CO,1738540009
368,akrehamn,59.2667,5.1833,5.14,87,75,7.72,NO,1738540011
369,hirara,24.8,125.2833,18.15,82,75,8.23,JP,1738540012
370,fort bragg,35.139,-79.006,9.91,68,100,2.06,US,1738540013
371,dungarvan,52.0881,-7.6253,7.83,100,59,1.79,IE,1738540014
372,yemetsk,63.4721,41.7941,-18.09,90,96,4.77,RU,1738540015
373,mahonda,-6.45,39.4667,27.09,78,100,5.97,TZ,1738540016
374,fish town,5.1964,-7.8756,22.37,95,96,1.27,LR,1738540017
375,smithers,54.7804,-127.1743,-15.82,43,20,0.0,CA,1738540018
376,kasongo-lunda,-6.4667,16.8167,21.49,97,76,0.88,CD,1738540020
377,lebedyan',53.0194,39.1664,-1.17,88,98,3.58,RU,1738540021
378,cotonou,6.3654,2.4183,27.16,80,77,5.4,BJ,1738540022
379,puerto santa,-8.9906,-78.6456,22.42,79,95,3.89,PE,1738540023
380,noumea,-22.2763,166.4572,28.35,99,100,9.26,NC,1738539749
381,uturoa,-16.7333,-151.4333,27.79,74,20,3.98,PF,1738540025
382,khandyga,62.6667,135.6,-47.84,100,98,0.56,RU,1738540026
383,luderitz,-26.6481,15.1594,17.67,74,2,9.84,NA,1738540029
384,kapa'a,22.0752,-159.319,25.82,62,0,7.72,US,1738540030
385,tralee,52.2704,-9.7026,7.37,92,100,3.01,IE,1738540031
386,keflavik,64.0049,-22.5624,0.24,100,100,14.4,IS,1738540032
387,kisangani,0.5167,25.2,23.33,69,99,0.6,CD,1738540033
388,lamu,-2.2717,40.902,23.8,88,45,5.84,KE,1738539539
389,mizil,45.0167,26.45,3.89,72,98,1.29,RO,1738540036
390,dubois,38.3464,-86.8897,14.07,67,0,2.06,US,1738540037
391,kavaratti,10.5669,72.642,27.21,75,31,4.29,IN,1738540039
392,marquette,46.5333,-87.6335,-0.47,90,97,4.02,US,1738540040
393,benguela,-12.5763,13.4055,25.63,81,100,1.81,AO,1738540041
394,frenda,35.0654,1.0495,1.7,89,53,1.13,DZ,1738540042
395,forquilhinha,-28.7475,-49.4722,22.36,99,81,0.87,BR,1738540043
396,pando,-34.7167,-55.95,27.2,78,0,4.63,UY,1738540045
397,flying fish cove,-10.4217,105.6791,24.82,100,100,5.14,CX,1738540046
398,holualoa,19.6228,-155.9522,26.04,75,40,4.12,US,1738540047
399,souillac,-20.5167,57.5167,28.21,83,40,5.14,MU,1738540048
400,pandan,14.0453,124.1694,25.01,83,92,2.36,PH,1738540049
401,sangola,17.4333,75.2,23.64,37,21,4.12,IN,1738540050
402,island harbour,50.724,-1.2758,3.88,93,30,2.65,GB,1738540051
403,magadan,59.5667,150.8,-23.49,73,0,2.16,RU,1738540052
404,san juanito,28.0,-107.5833,16.91,14,3,3.61,MX,1738540054
405,isiro,2.7739,27.616,22.92,42,50,1.32,CD,1738540055
406,mata-utu,-13.2816,-176.1745,28.54,76,25,4.59,WF,1738540056
407,conde,-7.2597,-34.9075,25.7,89,0,4.12,BR,1738540057
408,wynyard,-41.0,145.7167,21.77,80,100,4.47,AU,1738540058
409,sisimiut,66.9395,-53.6735,-19.39,94,88,2.24,GL,1738540059
410,tabou,4.423,-7.3528,26.37,82,56,3.57,CI,1738540061
411,zheleznogorsk,52.331,35.3711,-1.9,92,83,3.58,RU,1738540062
412,rosetta,31.4044,30.4164,14.26,72,100,2.04,EG,1738540063
413,bayji,34.9311,43.487,9.71,39,4,2.67,IQ,1738540064
414,aswan,24.0934,32.907,17.61,42,0,1.54,EG,1738540065
415,kunashak,55.7032,61.5498,-2.73,84,100,1.97,RU,1738540066
416,gazli,40.1333,63.45,-0.32,68,0,3.95,UZ,1738540067
417,santander jimenez,24.2167,-98.4667,23.22,58,23,7.28,MX,1738540068
418,odenthal,51.0348,7.1182,-0.23,82,0,0.51,DE,1738540070
419,tionk essil,12.7856,-16.5217,23.12,14,1,5.74,SN,1738540071
420,askoy,60.4092,5.226,4.16,87,100,8.23,NO,1738540072
421,nishinoomote,30.7333,131.0,11.31,76,75,8.23,JP,1738540073
422,pathein,16.7833,94.7333,20.5,91,46,3.27,MM,1738540074
423,tibanbang,6.6315,126.1055,26.1,81,100,2.29,PH,1738540076
424,twentynine palms,34.1356,-116.0542,26.08,29,26,1.34,US,1738540077
425,nova sintra,14.8667,-24.7167,22.28,65,19,8.44,CV,1738540078
426,lubao,14.9167,120.55,24.84,81,77,2.55,PH,1738540079
427,tandalti,13.0167,31.8667,21.58,36,24,4.95,SD,1738540080
428,zapala,-38.8992,-70.0544,16.62,42,0,10.33,AR,1738540082
429,okondja,-0.6549,13.6753,21.96,97,98,0.8,GA,1738540083
430,makoua,0.0069,15.6333,25.39,67,72,1.56,CG,1738540084
431,gorom-gorom,14.4439,-0.2361,22.14,16,100,5.03,BF,1738540085
432,gbadolite,4.2833,21.0167,24.67,32,56,0.53,CD,1738540086
433,puerto aysen,-45.4,-72.7,8.61,97,75,2.48,CL,1738540087
434,al jawf,29.5,38.75,10.3,33,73,4.02,SA,1738540088
435,xilin hot,43.9667,116.0333,-23.71,90,21,1.57,CN,1738540090
436,gurupi,-11.7292,-49.0686,22.46,94,99,0.47,BR,1738540091
437,sudak,44.85,34.9667,2.66,76,96,1.28,UA,1738540092
438,sitka,57.0531,-135.33,-0.06,27,0,7.2,US,1738540093
439,salinopolis,-0.6136,-47.3561,25.36,89,100,4.56,BR,1738540094
440,chiang rai,19.9167,99.9167,15.32,94,81,0.0,TH,1738540095
441,qusmuryn,52.4503,64.6311,-1.55,95,100,4.17,KZ,1738540096
442,tashtyp,52.7939,89.8983,-10.89,97,100,0.87,RU,1738540098
443,jalpa,21.6333,-102.9667,26.53,15,0,1.08,MX,1738540099
444,qamdo,31.1667,97.2333,-6.63,32,0,1.66,CN,1738540100
445,kuta,-8.7233,115.1723,27.97,89,40,2.06,ID,1738540101
446,sola,-13.8833,167.55,28.48,75,100,5.02,VU,1738540102
447,qorovulbozor,39.5006,64.7936,2.07,60,1,0.95,UZ,1738540105
448,bealanana,-14.55,48.7333,19.25,95,98,0.71,MG,1738540106
449,verdal,63.7933,11.4817,-6.18,84,79,1.74,NO,1738540107
450,diamantino,-14.4086,-56.4461,21.6,97,63,2.85,BR,1738540108
451,thongwa,16.7619,96.5278,20.22,68,20,0.73,MM,1738540109
452,nizhniy odes,63.6445,54.856,-22.54,86,8,4.6,RU,1738540110
453,mugia,43.1041,-9.2179,10.51,61,6,5.47,ES,1738540111
454,pachino,36.7186,15.0907,12.89,76,1,4.56,IT,1738540113
455,vanino,49.0869,140.2543,-17.18,88,32,1.53,RU,1738540114
456,mpika,-11.8343,31.4529,16.7,97,100,0.32,ZM,1738540115
457,gorzyce,50.6672,21.8401,0.04,90,80,3.49,PL,1738540116
458,la tuque,47.4334,-72.7824,-13.86,66,100,0.0,CA,1738540117
459,uitenhage,-33.7576,25.3971,17.02,85,7,2.13,ZA,1738540118
460,gorontalo,0.5412,123.0595,24.06,86,100,1.55,ID,1738540119
461,sao joao da barra,-21.6403,-41.0511,25.36,86,89,9.16,BR,1738540120
462,banjarmasin,-3.3244,114.591,26.08,80,90,1.19,ID,1738539616
463,polyarnyy,69.1989,33.4478,-13.07,97,88,2.56,RU,1738540123
464,alotau,-10.3069,150.4462,28.18,82,100,2.27,PG,1738540124
465,saint-philippe,-21.3585,55.7679,27.52,89,99,7.98,RE,1738540125
466,port macquarie,-31.4333,152.9167,23.93,92,99,0.89,AU,1738540126
467,bizerte,37.2744,9.8739,11.27,80,58,6.73,TN,1738540127
468,massakory,12.996,15.7293,23.3,17,36,4.21,TD,1738540128
469,taro,-8.3862,115.28,23.18,84,100,0.81,ID,1738540130
470,dipayal,29.2608,80.94,9.85,24,0,2.49,NP,1738540131
471,ugep,5.8086,8.0812,26.01,78,34,2.62,NG,1738540132
472,oskarshamn,57.2645,16.4484,-2.8,78,7,2.19,SE,1738540133
473,suva,-18.1416,178.4415,30.71,74,40,2.06,FJ,1738540134
474,jayapura,-2.5333,140.7,26.66,82,100,1.66,ID,1738539985
475,sao vicente,-23.9631,-46.3919,25.34,88,100,1.35,BR,1738540136
476,ormara,25.2088,64.6357,18.56,54,0,3.84,PK,1738540139
477,anse a galets,18.8317,-72.8642,27.13,71,2,2.07,HT,1738540140
478,nakhon si thammarat,8.25,100.0,20.72,83,4,0.92,TH,1738540141
479,muynoq,43.7683,59.0214,-0.5,81,91,3.11,UZ,1738540142
480,amga,60.8953,131.9608,-46.66,100,100,1.14,RU,1738540143
481,al muwayh,22.4333,41.7583,12.89,33,0,4.72,SA,1738540144
482,talakan,50.3167,130.3667,-18.84,96,100,1.08,RU,1738540146
483,lucapa,-8.4192,20.7447,20.07,92,91,0.68,AO,1738540148
484,rancho palos verdes,33.7445,-118.387,18.53,88,40,7.2,US,1738540149
485,alvorada,-12.48,-49.1247,21.87,95,100,1.3,BR,1738540150
486,jijel,36.8205,5.7667,9.97,81,75,2.57,DZ,1738540151
487,north bend,43.4065,-124.2243,6.81,81,100,4.63,US,1738540152
488,zag,46.9441,99.165,-29.31,89,92,0.83,MN,1738540153
489,ouidah,6.3631,2.0851,26.96,80,82,4.76,BJ,1738540154
490,pokaran,26.9167,71.9167,13.73,29,0,3.87,IN,1738540156
491,kapoeta,4.7717,33.5903,28.45,26,49,1.73,SS,1738540157
492,colonia,50.9333,6.95,-0.02,86,0,0.51,DE,1738540142
493,santo antonio do ica,-3.1022,-67.9397,23.45,97,99,1.12,BR,1738540159
494,mandimba,-14.3548,35.6515,21.51,97,100,0.81,MZ,1738540160
495,tosontsengel,48.7567,98.2839,-28.77,99,100,0.46,MN,1738540161
496,matoury,4.8483,-52.3317,25.98,89,75,5.14,GF,1738540162
497,molo,-0.2479,35.7374,10.44,79,67,1.15,KE,1738540164
498,newman,37.3138,-121.0208,19.47,65,100,2.24,US,1738540167
499,oumache,34.6929,5.6809,11.16,54,40,4.12,DZ,1738540168
500,kirensk,57.7853,108.1119,-28.2,100,99,1.06,RU,1738540169
501,monahans,31.5943,-102.8926,23.85,12,15,2.74,US,1738540170
502,cabedelo,-6.9811,-34.8339,26.37,72,12,5.41,BR,1738540171
503,gamba,-2.65,10.0,25.26,82,93,1.11,GA,1738540172
504,kingsville,27.5159,-97.8561,24.14,74,0,5.66,US,1738540173
505,hammerfest,70.6634,23.6821,-7.75,67,16,6.69,NO,1738540175
506,kheralu,23.8833,72.6167,15.34,30,7,2.3,IN,1738540176
507,zhanaozen,43.3,52.8,0.64,73,78,3.81,KZ,1738540177
508,katima mulilo,-17.5,24.2667,20.83,89,70,2.17,NA,1738540178
509,selfoss,63.9331,-20.9971,3.91,85,100,5.32,IS,1738540179
510,paoy paet,13.6561,102.5625,21.39,77,77,2.05,KH,1738540180
511,luganville,-15.5333,167.1667,28.61,70,100,7.85,VU,1738540181
512,kulhudhuffushi,6.6221,73.07,27.03,77,38,2.46,MV,1738540183
513,gizo,-8.103,156.8419,29.87,68,99,4.75,SB,1738540184
514,santa marta de ortigueira,43.6833,-7.85,11.25,81,95,0.89,ES,1738540185
515,nyrob,60.733,56.7202,-9.23,95,100,3.57,RU,1738540186
516,sao desiderio,-12.3633,-44.9733,22.68,82,100,0.6,BR,1738540187
517,champerico,14.3,-91.9167,28.3,68,46,4.05,GT,1738540188
518,dongola,19.1667,30.4833,18.78,21,4,5.17,SD,1738540189
519,brigantine,39.4101,-74.3646,3.36,85,100,3.58,US,1738540190
520,sterling,39.0062,-77.4286,2.9,68,75,4.63,US,1738540192
521,shwebo,22.5667,95.7,15.9,57,68,2.75,MM,1738540193
522,taroa,8.7058,171.2275,27.18,71,43,10.17,MH,1738540194
523,kruisfontein,-34.0033,24.7314,16.79,80,49,2.72,ZA,1738540195
524,ad dawadimi,24.5077,44.3924,7.64,40,20,2.99,SA,1738540196
525,as sulayyil,20.4607,45.5779,12.99,30,0,3.63,SA,1738540197
526,qusar,41.4273,48.4289,1.68,71,96,1.36,AZ,1738540198
527,gazojak,41.1875,61.4036,-0.21,66,5,3.93,TM,1738540181
528,alaghsas,17.0187,8.0168,20.72,13,65,5.02,NE,1738540201
529,macusani,-14.0833,-70.4333,1.95,95,89,1.62,PE,1738540203
530,al bardiyah,31.7561,25.0865,15.3,66,100,1.28,LY,1738540204
531,al hazm,16.1641,44.7769,15.25,36,26,2.1,YE,1738540205
532,boca suno,-0.7167,-77.1333,23.51,90,61,0.8,EC,1738540000
533,i-n-salah,27.1935,2.4607,13.1,32,0,5.19,DZ,1738540207
534,ha giang,22.8333,104.9833,14.37,94,100,1.45,VN,1738540208
535,nacala,-14.5428,40.6728,25.22,94,84,1.8,MZ,1738540210
536,antsiranana,-12.2787,49.2917,24.6,93,100,4.04,MG,1738540211
537,tyukhtet,56.5389,89.3011,-14.58,97,100,1.78,RU,1738540212
538,zabaykal'sk,49.6333,117.3167,-29.58,100,59,3.04,RU,1738540213
539,am timan,11.0297,20.2827,24.87,17,65,3.32,TD,1738540214
540,inirida,3.8653,-67.9239,26.86,71,90,0.95,CO,1738540215
541,barranca,-10.75,-77.7667,22.42,78,98,3.27,PE,1738540216
542,puget-sur-argens,43.45,6.6833,5.95,78,0,2.54,FR,1738540218
543,lityn,49.3251,28.0809,-0.49,77,97,2.42,UA,1738540220
544,ginir,7.1333,40.7,14.19,49,78,1.56,ET,1738540221
545,okhotsk,59.3833,143.3,-23.75,79,31,5.76,RU,1738540222
546,pskov,57.8136,28.3496,-1.05,100,100,4.0,RU,1738540223
